telegram_id,provider_name,username,service_id,title,category,city,latitude,longitude,likes_count,is_verified,admin_tested_badge,shown_count,shown_excluding_own,own_category_shown_count,own_category_excluding_own,top_nearby_category,top_nearby_category_count,top_nearby_city,top_nearby_city_count,nearby_category_breakdown,nearby_city_breakdown
880000001,Nahom Fikre,demo_provider_001,4,Age 42 - Move-In Cleaning,Cleaner,Addis Ababa,8.946293,38.691758,25,True,True,32,31,6,5,Electrician,9,Addis Ababa,22,Cleaner:6; Electrician:9; Mechanic:6; Plumber:5; Tutor:6,Addis Ababa:22; Sebeta:10
880000002,Hanna Alemu,demo_provider_002,5,Age 46 - Exam Prep Tutor,Tutor,Bishoftu,8.792313,38.922653,270,True,True,10,9,2,1,Electrician,4,Bishoftu,10,Cleaner:2; Electrician:4; Plumber:2; Tutor:2,Bishoftu:10
880000003,Yared Tesfaye,demo_provider_003,6,Age 57 - Home Deep Cleaning,Cleaner,Addis Ababa,9.116146,38.844077,167,False,False,25,24,5,4,Tutor,7,Addis Ababa,19,Cleaner:5; Electrician:2; Mechanic:5; Plumber:6; Tutor:7,Addis Ababa:19; Sululta:6
880000004,Henok Mulugeta,demo_provider_004,7,Age 25 - Exam Prep Tutor,Tutor,Hawassa,7.067451,38.499182,255,False,False,3,2,2,1,Tutor,2,Hawassa,3,Cleaner:1; Tutor:2,Hawassa:3
880000005,Saba Girma,demo_provider_005,8,Age 49 - Bathroom Fixture Installer,Plumber,Sebeta,8.895676,38.658620,353,False,False,27,26,6,5,Electrician,8,Sebeta,19,Cleaner:4; Electrician:8; Mechanic:5; Plumber:6; Tutor:4,Addis Ababa:8; Sebeta:19
880000006,Liya Assefa,demo_provider_006,9,Age 40 - Solar Panel Installer,Electrician,Bishoftu,8.707818,38.923994,103,True,False,10,9,3,2,Electrician,3,Bishoftu,10,Cleaner:2; Electrician:3; Mechanic:1; Plumber:2; Tutor:2,Bishoftu:10
880000007,Marta Getachew,demo_provider_007,10,Age 53 - Pipe Repair Plumber,Plumber,Sululta,9.191954,38.764980,230,False,True,22,21,7,6,Plumber,7,Sululta,15,Cleaner:2; Electrician:2; Mechanic:6; Plumber:7; Tutor:5,Addis Ababa:7; Sululta:15
880000008,Bethel Alemu,demo_provider_008,11,Age 37 - Mobile Car Mechanic,Mechanic,Addis Ababa,9.098142,38.717648,2,True,False,48,47,14,13,Mechanic,14,Addis Ababa,41,Cleaner:7; Electrician:7; Mechanic:14; Plumber:12; Tutor:8,Addis Ababa:41; Sululta:7
880000009,Henok Assefa,demo_provider_009,12,Age 40 - Drain Cleaning Specialist,Plumber,Bishoftu,8.846246,38.950916,274,True,False,6,5,1,0,Electrician,2,Bishoftu,6,Cleaner:1; Electrician:2; Plumber:1; Tutor:2,Bishoftu:6
880000010,Ruth Kebede,demo_provider_010,13,Age 38 - Carpet Cleaning,Cleaner,Bishoftu,8.802880,38.969558,116,True,False,10,9,1,0,Plumber,3,Bishoftu,10,Cleaner:1; Electrician:2; Mechanic:1; Plumber:3; Tutor:3,Bishoftu:10
880000011,Alemu Tadesse,demo_provider_011,14,Age 40 - Emergency Electrician,Electrician,Adama,8.475345,39.321462,12,True,False,8,7,1,0,Mechanic,4,Adama,8,Cleaner:2; Electrician:1; Mechanic:4; Plumber:1,Adama:8
880000012,Abel Negash,demo_provider_012,15,Age 18 - Pipe Repair Plumber,Plumber,Addis Ababa,9.052462,38.811908,307,True,False,49,48,12,11,Cleaner,12,Addis Ababa,47,Cleaner:12; Electrician:8; Mechanic:7; Plumber:12; Tutor:10,Addis Ababa:47; GPS location:2
880000013,Selam Kebede,demo_provider_013,16,Age 47 - Coding Lesson Mentor,Tutor,Addis Ababa,9.018238,38.779451,225,False,False,59,58,14,13,Tutor,14,Addis Ababa,57,Cleaner:10; Electrician:10; Mechanic:11; Plumber:14; Tutor:14,Addis Ababa:57; GPS location:2
880000014,Fitsum Assefa,demo_provider_014,17,Age 51 - Home Wiring Specialist,Electrician,Bahir Dar,11.604979,37.345837,64,True,False,8,7,4,3,Electrician,4,Bahir Dar,8,Cleaner:2; Electrician:4; Plumber:2,Bahir Dar:8
880000015,Hiwot Fikre,demo_provider_015,18,Age 46 - Coding Lesson Mentor,Tutor,Addis Ababa,8.982352,38.692382,63,False,False,42,41,7,6,Electrician,12,Addis Ababa,35,Cleaner:8; Electrician:12; Mechanic:8; Plumber:7; Tutor:7,Addis Ababa:35; Sebeta:7
880000016,Chala Fikre,demo_provider_016,19,Age 47 - Emergency Leak Repair,Plumber,Addis Ababa,8.936426,38.800980,380,False,False,21,20,4,3,Electrician,5,Addis Ababa,19,Cleaner:4; Electrician:5; Mechanic:3; Plumber:4; Tutor:5,Addis Ababa:19; GPS location:2
880000017,Tigist Getachew,demo_provider_017,20,Age 24 - Breaker Repair Expert,Electrician,Debre Berhan,9.723222,39.577263,167,False,False,11,10,1,0,Plumber,3,Debre Berhan,11,Cleaner:2; Electrician:1; Mechanic:2; Plumber:3; Tutor:3,Debre Berhan:11
880000018,Bethel Girma,demo_provider_018,21,Age 33 - Emergency Leak Repair,Plumber,Debre Berhan,9.645154,39.524741,326,True,False,12,11,4,3,Plumber,4,Debre Berhan,12,Cleaner:3; Mechanic:2; Plumber:4; Tutor:3,Debre Berhan:12
880000019,Meron Kebede,demo_provider_019,22,Age 18 - Emergency Leak Repair,Plumber,Adama,8.484048,39.218885,278,False,True,9,8,2,1,Electrician,4,Adama,9,Electrician:4; Mechanic:2; Plumber:2; Tutor:1,Adama:9
880000020,Lulit Gebre,demo_provider_020,23,Age 54 - Breaker Repair Expert,Electrician,Sebeta,8.933771,38.658528,403,False,False,33,32,8,7,Electrician,8,Sebeta,18,Cleaner:4; Electrician:8; Mechanic:6; Plumber:8; Tutor:7,Addis Ababa:15; Sebeta:18
880000021,Fitsum Teshome,demo_provider_021,24,Age 44 - Move-In Cleaning,Cleaner,Addis Ababa,9.119509,38.835921,427,True,False,29,28,7,6,Tutor,7,Addis Ababa,22,Cleaner:7; Electrician:2; Mechanic:6; Plumber:7; Tutor:7,Addis Ababa:22; Sululta:7
880000022,Mekdes Desta,demo_provider_022,25,Age 22 - Bathroom Fixture Installer,Plumber,Addis Ababa,8.971161,38.805900,195,True,False,36,35,10,9,Plumber,10,Addis Ababa,34,Cleaner:6; Electrician:8; Mechanic:5; Plumber:10; Tutor:7,Addis Ababa:34; GPS location:2
880000023,Selam Teshome,demo_provider_023,26,Age 46 - Home Deep Cleaning,Cleaner,Sebeta,8.932335,38.580918,436,False,True,20,19,1,0,Electrician,7,Sebeta,19,Cleaner:1; Electrician:7; Mechanic:4; Plumber:5; Tutor:3,Addis Ababa:1; Sebeta:19
880000024,Natnael Wolde,demo_provider_024,27,Age 46 - Pipe Repair Plumber,Plumber,Addis Ababa,9.039550,38.791972,2,True,False,57,56,14,13,Plumber,14,Addis Ababa,55,Cleaner:10; Electrician:10; Mechanic:10; Plumber:14; Tutor:13,Addis Ababa:55; GPS location:2
880000025,Yared Demissie,demo_provider_025,28,Age 58 - English Language Coach,Tutor,Debre Berhan,9.681157,39.530415,242,False,False,13,12,3,2,Plumber,4,Debre Berhan,13,Cleaner:3; Electrician:1; Mechanic:2; Plumber:4; Tutor:3,Debre Berhan:13
880000026,Samuel Negash,demo_provider_026,29,Age 44 - Home Wiring Specialist,Electrician,Bishoftu,8.814166,38.919131,153,True,True,6,5,1,0,Plumber,2,Bishoftu,6,Cleaner:1; Electrician:1; Plumber:2; Tutor:2,Bishoftu:6
880000027,Hanna Haile,demo_provider_027,30,Age 26 - Drain Cleaning Specialist,Plumber,Bishoftu,8.743522,39.020416,57,False,True,12,11,2,1,Mechanic,4,Bishoftu,12,Cleaner:2; Electrician:1; Mechanic:4; Plumber:2; Tutor:3,Bishoftu:12
880000028,Hanna Fikre,demo_provider_028,31,Age 21 - Pipe Repair Plumber,Plumber,Sululta,9.153103,38.775418,234,False,False,36,35,9,8,Mechanic,11,Addis Ababa,21,Cleaner:6; Electrician:3; Mechanic:11; Plumber:9; Tutor:7,Addis Ababa:21; Sululta:15
880000029,Rahel Negash,demo_provider_029,32,Age 58 - Engine Diagnostic Service,Mechanic,Sebeta,8.955887,38.648040,196,True,False,35,34,7,6,Electrician,8,Addis Ababa,19,Cleaner:5; Electrician:8; Mechanic:7; Plumber:8; Tutor:7,Addis Ababa:19; Sebeta:16
880000030,Meron Demissie,demo_provider_030,33,Age 38 - Science Tutor,Tutor,Addis Ababa,9.104326,38.756410,67,True,False,57,56,11,10,Plumber,17,Addis Ababa,48,Cleaner:9; Electrician:7; Mechanic:13; Plumber:17; Tutor:11,Addis Ababa:48; Sululta:9
880000031,Liya Teshome,demo_provider_031,34,Age 26 - Home Wiring Specialist,Electrician,Addis Ababa,9.045830,38.772587,457,False,False,65,64,12,11,Mechanic,16,Addis Ababa,63,Cleaner:11; Electrician:12; Mechanic:16; Plumber:14; Tutor:12,Addis Ababa:63; GPS location:2
880000032,Abel Mengistu,demo_provider_032,35,Age 30 - Lighting Installation Pro,Electrician,Adama,8.486142,39.228028,141,True,False,12,11,4,3,Electrician,4,Adama,12,Cleaner:1; Electrician:4; Mechanic:3; Plumber:2; Tutor:2,Adama:12
880000033,Rahel Haile,demo_provider_033,36,Age 51 - Engine Diagnostic Service,Mechanic,Addis Ababa,9.096917,38.746645,56,True,False,57,56,15,14,Plumber,16,Addis Ababa,49,Cleaner:8; Electrician:8; Mechanic:15; Plumber:16; Tutor:10,Addis Ababa:49; Sululta:8
880000034,Mekdes Solomon,demo_provider_034,37,Age 18 - Motorcycle Repair,Mechanic,Addis Ababa,9.033653,38.847705,282,False,False,33,32,2,1,Plumber,10,Addis Ababa,31,Cleaner:7; Electrician:7; Mechanic:2; Plumber:10; Tutor:7,Addis Ababa:31; GPS location:2
880000035,Meron Girma,demo_provider_035,38,Age 19 - Brake Repair Mechanic,Mechanic,Addis Ababa,8.987401,38.712820,499,False,True,48,47,10,9,Electrician,15,Addis Ababa,43,Cleaner:7; Electrician:15; Mechanic:10; Plumber:9; Tutor:7,Addis Ababa:43; GPS location:2; Sebeta:3
880000036,Brook Kebede,demo_provider_036,39,Age 28 - Emergency Electrician,Electrician,Addis Ababa,9.072404,38.701842,308,False,False,41,40,7,6,Mechanic,12,Addis Ababa,41,Cleaner:8; Electrician:7; Mechanic:12; Plumber:8; Tutor:6,Addis Ababa:41
880000037,Tigist Abate,demo_provider_037,40,Age 38 - Move-In Cleaning,Cleaner,Addis Ababa,9.022932,38.735835,251,False,False,64,63,12,11,Plumber,16,Addis Ababa,62,Cleaner:12; Electrician:12; Mechanic:12; Plumber:16; Tutor:12,Addis Ababa:62; GPS location:2
880000038,Natnael Haile,demo_provider_038,41,Age 23 - Move-In Cleaning,Cleaner,Addis Ababa,8.959788,38.697574,481,True,True,39,38,7,6,Electrician,13,Addis Ababa,30,Cleaner:7; Electrician:13; Mechanic:8; Plumber:6; Tutor:5,Addis Ababa:30; Sebeta:9
880000039,Hanna Kebede,demo_provider_039,42,Age 52 - English Language Coach,Tutor,Addis Ababa,9.087989,38.804337,273,False,False,47,46,10,9,Plumber,13,Addis Ababa,41,Cleaner:10; Electrician:4; Mechanic:10; Plumber:13; Tutor:10,Addis Ababa:41; Sululta:6
880000040,Meron Bekele,demo_provider_040,43,Age 46 - Emergency Electrician,Electrician,Bishoftu,8.715647,38.909932,219,True,False,10,9,3,2,Electrician,3,Bishoftu,10,Cleaner:2; Electrician:3; Mechanic:1; Plumber:2; Tutor:2,Bishoftu:10
880000041,Biruk Tadesse,demo_provider_041,44,Age 53 - Home Wiring Specialist,Electrician,Sebeta,8.942578,38.627221,240,True,False,28,27,7,6,Electrician,7,Sebeta,19,Cleaner:3; Electrician:7; Mechanic:5; Plumber:7; Tutor:6,Addis Ababa:9; Sebeta:19
880000042,Selam Solomon,demo_provider_042,45,Age 35 - Solar Panel Installer,Electrician,Sebeta,8.958966,38.654307,408,False,False,34,33,8,7,Electrician,8,Addis Ababa,19,Cleaner:5; Electrician:8; Mechanic:7; Plumber:7; Tutor:7,Addis Ababa:19; Sebeta:15
880000043,Selam Getachew,demo_provider_043,46,Age 49 - Breaker Repair Expert,Electrician,Bishoftu,8.694238,38.895203,143,True,False,9,8,3,2,Electrician,3,Bishoftu,9,Cleaner:2; Electrician:3; Mechanic:1; Plumber:2; Tutor:1,Bishoftu:9
880000044,Kaleb Fikre,demo_provider_044,47,Age 25 - Drain Cleaning Specialist,Plumber,Adama,8.471748,39.295343,301,False,False,11,10,2,1,Mechanic,4,Adama,11,Cleaner:2; Electrician:2; Mechanic:4; Plumber:2; Tutor:1,Adama:11
880000045,Hiwot Desta,demo_provider_045,48,Age 39 - Home Deep Cleaning,Cleaner,Holeta,9.082279,38.491550,464,True,False,12,11,1,0,Plumber,3,Holeta,12,Cleaner:1; Electrician:3; Mechanic:2; Plumber:3; Tutor:3,Holeta:12
880000046,Rahel Mulugeta,demo_provider_046,49,Age 44 - Coding Lesson Mentor,Tutor,Bishoftu,8.745236,39.038163,161,False,False,10,9,3,2,Mechanic,4,Bishoftu,10,Cleaner:1; Electrician:1; Mechanic:4; Plumber:1; Tutor:3,Bishoftu:10
880000047,Mekdes Alemu,demo_provider_047,50,Age 44 - Mobile Car Mechanic,Mechanic,Sebeta,8.918527,38.586596,120,False,False,20,19,4,3,Electrician,7,Sebeta,19,Cleaner:1; Electrician:7; Mechanic:4; Plumber:5; Tutor:3,Addis Ababa:1; Sebeta:19
880000048,Kaleb Tesfaye,demo_provider_048,51,Age 49 - Pipe Repair Plumber,Plumber,Sululta,9.144380,38.776406,228,True,False,39,38,10,9,Mechanic,11,Addis Ababa,24,Cleaner:6; Electrician:3; Mechanic:11; Plumber:10; Tutor:9,Addis Ababa:24; Sululta:15
880000049,Biruk Girma,demo_provider_049,52,Age 38 - Motorcycle Repair,Mechanic,Addis Ababa,9.116318,38.752863,83,False,False,48,47,12,11,Plumber,15,Addis Ababa,38,Cleaner:6; Electrician:6; Mechanic:12; Plumber:15; Tutor:9,Addis Ababa:38; Sululta:10
880000050,Samuel Assefa,demo_provider_050,53,Age 33 - Science Tutor,Tutor,Addis Ababa,9.051010,38.808749,181,False,False,50,49,10,9,Cleaner,12,Addis Ababa,48,Cleaner:12; Electrician:8; Mechanic:8; Plumber:12; Tutor:10,Addis Ababa:48; GPS location:2
880000051,Nahom Fikre,demo_provider_051,54,Age 30 - Motorcycle Repair,Mechanic,Jimma,7.665717,36.806516,19,True,False,3,2,2,1,Mechanic,2,Jimma,3,Mechanic:2; Tutor:1,Jimma:3
880000052,Hanna Solomon,demo_provider_052,55,Age 35 - Bathroom Fixture Installer,Plumber,Sebeta,8.909073,38.607162,118,False,False,22,21,6,5,Electrician,7,Sebeta,19,Cleaner:1; Electrician:7; Mechanic:4; Plumber:6; Tutor:4,Addis Ababa:3; Sebeta:19
880000053,Bethel Wolde,demo_provider_053,56,Age 42 - Bathroom Fixture Installer,Plumber,Bishoftu,8.734805,38.925311,133,True,False,12,11,2,1,Electrician,4,Bishoftu,12,Cleaner:3; Electrician:4; Mechanic:1; Plumber:2; Tutor:2,Bishoftu:12
880000054,Alemu Assefa,demo_provider_054,57,Age 37 - Drain Cleaning Specialist,Plumber,Addis Ababa,9.058453,38.712102,140,False,False,51,50,11,10,Mechanic,13,Addis Ababa,51,Cleaner:9; Electrician:8; Mechanic:13; Plumber:11; Tutor:10,Addis Ababa:51
880000055,Fitsum Mengistu,demo_provider_055,58,Age 55 - Home Wiring Specialist,Electrician,Addis Ababa,8.945950,38.723867,139,True,True,40,39,11,10,Electrician,11,Addis Ababa,31,Cleaner:7; Electrician:11; Mechanic:8; Plumber:8; Tutor:6,Addis Ababa:31; GPS location:2; Sebeta:7
880000056,Mekdes Kebede,demo_provider_056,59,Age 40 - Pipe Repair Plumber,Plumber,Debre Berhan,9.698431,39.521361,123,True,False,13,12,4,3,Plumber,4,Debre Berhan,13,Cleaner:3; Electrician:1; Mechanic:2; Plumber:4; Tutor:3,Debre Berhan:13
880000057,Selam Kebede,demo_provider_057,60,Age 35 - Move-In Cleaning,Cleaner,Addis Ababa,9.025546,38.691738,152,False,False,51,50,9,8,Mechanic,13,Addis Ababa,49,Cleaner:9; Electrician:11; Mechanic:13; Plumber:11; Tutor:7,Addis Ababa:49; Sebeta:2
880000058,Hiwot Haile,demo_provider_058,61,Age 42 - Carpet Cleaning,Cleaner,Debre Berhan,9.644608,39.512156,321,False,False,12,11,3,2,Plumber,4,Debre Berhan,12,Cleaner:3; Mechanic:2; Plumber:4; Tutor:3,Debre Berhan:12
880000059,Hanna Gebre,demo_provider_059,62,Age 35 - Brake Repair Mechanic,Mechanic,Addis Ababa,9.015836,38.749615,472,False,False,62,61,12,11,Plumber,15,Addis Ababa,60,Cleaner:10; Electrician:12; Mechanic:12; Plumber:15; Tutor:13,Addis Ababa:60; GPS location:2
880000060,Marta Tadesse,demo_provider_060,63,Age 24 - Emergency Leak Repair,Plumber,Addis Ababa,9.042462,38.762400,474,True,False,64,63,14,13,Mechanic,15,Addis Ababa,62,Cleaner:11; Electrician:11; Mechanic:15; Plumber:14; Tutor:13,Addis Ababa:62; GPS location:2
880000061,Liya Tesfaye,demo_provider_061,64,Age 51 - Math Tutor,Tutor,Addis Ababa,8.973707,38.712570,159,True,True,47,46,9,8,Electrician,14,Addis Ababa,38,Cleaner:7; Electrician:14; Mechanic:9; Plumber:8; Tutor:9,Addis Ababa:38; GPS location:2; Sebeta:7
880000062,Henok Abate,demo_provider_062,65,Age 45 - Drain Cleaning Specialist,Plumber,Sebeta,8.885730,38.584984,334,True,False,17,16,5,4,Electrician,5,Sebeta,17,Cleaner:1; Electrician:5; Mechanic:3; Plumber:5; Tutor:3,Sebeta:17
880000063,Yonatan Tadesse,demo_provider_063,66,Age 56 - Coding Lesson Mentor,Tutor,Holeta,9.066145,38.516226,449,True,True,12,11,3,2,Plumber,3,Holeta,12,Cleaner:1; Electrician:3; Mechanic:2; Plumber:3; Tutor:3,Holeta:12
880000064,Liya Fikre,demo_provider_064,67,Age 34 - Science Tutor,Tutor,Addis Ababa,9.009346,38.695559,366,True,False,47,46,7,6,Electrician,13,Addis Ababa,44,Cleaner:9; Electrician:13; Mechanic:9; Plumber:9; Tutor:7,Addis Ababa:44; Sebeta:3
880000065,Abebe Fikre,demo_provider_065,68,Age 27 - Coding Lesson Mentor,Tutor,Jimma,7.685612,36.807351,366,False,False,3,2,1,0,Mechanic,2,Jimma,3,Mechanic:2; Tutor:1,Jimma:3
880000066,Alemu Abate,demo_provider_066,69,Age 52 - Lighting Installation Pro,Electrician,Addis Ababa,9.021632,38.698237,174,False,True,51,50,12,11,Mechanic,12,Addis Ababa,49,Cleaner:9; Electrician:12; Mechanic:12; Plumber:11; Tutor:7,Addis Ababa:49; Sebeta:2
880000067,Marta Mengistu,demo_provider_067,70,Age 29 - Science Tutor,Tutor,Sebeta,8.928918,38.589027,28,True,True,20,19,3,2,Electrician,7,Sebeta,19,Cleaner:1; Electrician:7; Mechanic:4; Plumber:5; Tutor:3,Addis Ababa:1; Sebeta:19
880000068,Kaleb Abate,demo_provider_068,71,Age 55 - Carpet Cleaning,Cleaner,Debre Berhan,9.642211,39.555209,22,False,False,13,12,3,2,Plumber,4,Debre Berhan,13,Cleaner:3; Electrician:1; Mechanic:2; Plumber:4; Tutor:3,Debre Berhan:13
880000069,Dawit Desta,demo_provider_069,72,Age 18 - Lighting Installation Pro,Electrician,Adama,8.454748,39.176475,265,True,False,4,3,3,2,Electrician,3,Adama,4,Electrician:3; Plumber:1,Adama:4
880000070,Fitsum Getachew,demo_provider_070,73,Age 46 - Lighting Installation Pro,Electrician,Bahir Dar,11.556357,37.371455,289,True,True,8,7,4,3,Electrician,4,Bahir Dar,8,Cleaner:2; Electrician:4; Plumber:2,Bahir Dar:8
880000071,Yonatan Abate,demo_provider_071,74,Age 45 - Drain Cleaning Specialist,Plumber,Addis Ababa,9.036387,38.677981,437,True,True,41,40,10,9,Mechanic,12,Addis Ababa,39,Cleaner:6; Electrician:6; Mechanic:12; Plumber:10; Tutor:7,Addis Ababa:39; Sebeta:2
880000072,Yared Haile,demo_provider_072,75,Age 48 - Home Deep Cleaning,Cleaner,Addis Ababa,9.118937,38.751109,309,False,False,47,46,6,5,Plumber,15,Addis Ababa,37,Cleaner:6; Electrician:5; Mechanic:12; Plumber:15; Tutor:9,Addis Ababa:37; Sululta:10
880000073,Fitsum Solomon,demo_provider_073,76,Age 38 - Math Tutor,Tutor,Addis Ababa,9.009372,38.803033,492,False,True,41,40,9,8,Plumber,12,Addis Ababa,39,Cleaner:7; Electrician:7; Mechanic:6; Plumber:12; Tutor:9,Addis Ababa:39; GPS location:2
880000074,Meron Teshome,demo_provider_074,77,Age 21 - Drain Cleaning Specialist,Plumber,Bahir Dar,11.565283,37.398385,134,False,False,8,7,2,1,Electrician,4,Bahir Dar,8,Cleaner:2; Electrician:4; Plumber:2,Bahir Dar:8
880000075,Yonatan Gebre,demo_provider_075,78,Age 32 - Home Wiring Specialist,Electrician,Addis Ababa,9.043668,38.715436,309,False,False,54,53,9,8,Mechanic,14,Addis Ababa,54,Cleaner:9; Electrician:9; Mechanic:14; Plumber:12; Tutor:10,Addis Ababa:54
880000076,Lulit Assefa,demo_provider_076,79,Age 42 - Move-In Cleaning,Cleaner,Adama,8.494205,39.318040,483,False,False,11,10,2,1,Mechanic,4,Adama,11,Cleaner:2; Electrician:2; Mechanic:4; Plumber:1; Tutor:2,Adama:11
880000077,Kaleb Bekele,demo_provider_077,80,Age 46 - Coding Lesson Mentor,Tutor,Addis Ababa,9.051446,38.704631,86,False,False,49,48,9,8,Mechanic,13,Addis Ababa,49,Cleaner:8; Electrician:8; Mechanic:13; Plumber:11; Tutor:9,Addis Ababa:49
880000078,Natnael Tesfaye,demo_provider_078,81,Age 50 - Car Maintenance Mechanic,Mechanic,Adama,8.487116,39.283690,8,True,True,12,11,4,3,Mechanic,4,Adama,12,Cleaner:2; Electrician:2; Mechanic:4; Plumber:2; Tutor:2,Adama:12
880000079,Alemu Teshome,demo_provider_079,82,Age 30 - Motorcycle Repair,Mechanic,Sebeta,8.893584,38.605198,337,False,True,20,19,4,3,Electrician,7,Sebeta,19,Cleaner:1; Electrician:7; Mechanic:4; Plumber:5; Tutor:3,Addis Ababa:1; Sebeta:19
880000080,Abebe Desta,demo_provider_080,83,Age 55 - Emergency Leak Repair,Plumber,Addis Ababa,8.946695,38.735080,136,True,False,37,36,6,5,Electrician,10,Addis Ababa,32,Cleaner:7; Electrician:10; Mechanic:8; Plumber:6; Tutor:6,Addis Ababa:32; GPS location:2; Sebeta:3
880000081,Ruth Abate,demo_provider_081,84,Age 44 - Science Tutor,Tutor,Sululta,9.221819,38.754503,321,True,True,15,14,3,2,Plumber,6,Sululta,15,Electrician:2; Mechanic:4; Plumber:6; Tutor:3,Sululta:15
880000082,Chala Wolde,demo_provider_082,85,Age 54 - Home Wiring Specialist,Electrician,Addis Ababa,9.001848,38.770689,442,False,True,54,53,11,10,Tutor,12,Addis Ababa,52,Cleaner:9; Electrician:11; Mechanic:10; Plumber:12; Tutor:12,Addis Ababa:52; GPS location:2
880000083,Abel Solomon,demo_provider_083,86,Age 26 - English Language Coach,Tutor,Addis Ababa,8.935053,38.829903,242,False,True,14,13,4,3,Electrician,4,Addis Ababa,12,Cleaner:1; Electrician:4; Mechanic:2; Plumber:3; Tutor:4,Addis Ababa:12; GPS location:2
880000084,Ruth Getachew,demo_provider_084,87,Age 36 - Emergency Leak Repair,Plumber,Addis Ababa,9.106804,38.693957,172,False,False,33,32,8,7,Mechanic,10,Addis Ababa,30,Cleaner:6; Electrician:4; Mechanic:10; Plumber:8; Tutor:5,Addis Ababa:30; Sululta:3
880000085,Marta Mulugeta,demo_provider_085,88,Age 55 - Science Tutor,Tutor,Bishoftu,8.673847,39.008587,117,False,False,8,7,2,1,Mechanic,3,Bishoftu,8,Cleaner:1; Mechanic:3; Plumber:2; Tutor:2,Bishoftu:8
880000086,Yared Mengistu,demo_provider_086,89,Age 19 - Emergency Leak Repair,Plumber,Addis Ababa,9.054855,38.736591,164,False,False,62,61,13,12,Mechanic,14,Addis Ababa,60,Cleaner:11; Electrician:11; Mechanic:14; Plumber:13; Tutor:13,Addis Ababa:60; GPS location:2
880000087,Selam Bekele,demo_provider_087,90,Age 21 - Kitchen Detail Cleaning,Cleaner,Addis Ababa,9.096148,38.751435,296,True,False,58,57,9,8,Plumber,16,Addis Ababa,50,Cleaner:9; Electrician:7; Mechanic:15; Plumber:16; Tutor:11,Addis Ababa:50; Sululta:8
880000088,Hanna Negash,demo_provider_088,91,Age 31 - Car Maintenance Mechanic,Mechanic,Addis Ababa,8.955159,38.701398,274,True,True,39,38,8,7,Electrician,13,Addis Ababa,30,Cleaner:7; Electrician:13; Mechanic:8; Plumber:6; Tutor:5,Addis Ababa:30; Sebeta:9
880000089,Yared Girma,demo_provider_089,92,Age 39 - Science Tutor,Tutor,Holeta,9.073199,38.526410,198,False,True,12,11,3,2,Plumber,3,Holeta,12,Cleaner:1; Electrician:3; Mechanic:2; Plumber:3; Tutor:3,Holeta:12
880000090,Eden Wolde,demo_provider_090,93,Age 52 - Engine Diagnostic Service,Mechanic,Adama,8.530378,39.284999,50,True,False,14,13,5,4,Mechanic,5,Adama,14,Cleaner:3; Electrician:2; Mechanic:5; Plumber:2; Tutor:2,Adama:14
880000091,Mekdes Assefa,demo_provider_091,94,Age 43 - Pipe Repair Plumber,Plumber,Bahir Dar,11.576864,37.369108,422,False,False,8,7,2,1,Electrician,4,Bahir Dar,8,Cleaner:2; Electrician:4; Plumber:2,Bahir Dar:8
880000092,Tigist Demissie,demo_provider_092,95,Age 28 - Pipe Repair Plumber,Plumber,Sebeta,8.902404,38.579407,22,False,False,18,17,5,4,Electrician,5,Sebeta,18,Cleaner:1; Electrician:5; Mechanic:4; Plumber:5; Tutor:3,Sebeta:18
880000093,Lulit Abate,demo_provider_093,96,Age 50 - Coding Lesson Mentor,Tutor,Addis Ababa,8.955545,38.684204,473,False,True,36,35,6,5,Electrician,10,Addis Ababa,25,Cleaner:6; Electrician:10; Mechanic:7; Plumber:7; Tutor:6,Addis Ababa:25; Sebeta:11
880000094,Yared Abate,demo_provider_094,97,Age 30 - Mobile Car Mechanic,Mechanic,Holeta,9.071404,38.506571,192,False,True,12,11,2,1,Plumber,3,Holeta,12,Cleaner:1; Electrician:3; Mechanic:2; Plumber:3; Tutor:3,Holeta:12
880000095,Abebe Demissie,demo_provider_095,98,Age 42 - Mobile Car Mechanic,Mechanic,Sululta,9.158643,38.787048,341,True,False,34,33,9,8,Plumber,9,Addis Ababa,19,Cleaner:6; Electrician:3; Mechanic:9; Plumber:9; Tutor:7,Addis Ababa:19; Sululta:15
880000096,Henok Getachew,demo_provider_096,99,Age 32 - Move-In Cleaning,Cleaner,Addis Ababa,9.095226,38.686115,235,True,True,33,32,6,5,Mechanic,10,Addis Ababa,32,Cleaner:6; Electrician:4; Mechanic:10; Plumber:7; Tutor:6,Addis Ababa:32; Sululta:1
880000097,Rahel Tadesse,demo_provider_097,100,Age 46 - Car Maintenance Mechanic,Mechanic,Adama,8.454744,39.331870,231,False,True,8,7,4,3,Mechanic,4,Adama,8,Cleaner:2; Electrician:1; Mechanic:4; Plumber:1,Adama:8
880000098,Hiwot Alemu,demo_provider_098,101,Age 28 - Motorcycle Repair,Mechanic,Addis Ababa,9.057355,38.692142,270,False,False,42,41,12,11,Mechanic,12,Addis Ababa,42,Cleaner:7; Electrician:7; Mechanic:12; Plumber:9; Tutor:7,Addis Ababa:42
880000099,Tsion Mulugeta,demo_provider_099,102,Age 24 - Solar Panel Installer,Electrician,Bahir Dar,11.621667,37.369789,254,False,True,8,7,4,3,Electrician,4,Bahir Dar,8,Cleaner:2; Electrician:4; Plumber:2,Bahir Dar:8
880000100,Fitsum Fikre,demo_provider_100,103,Age 26 - Emergency Electrician,Electrician,Holeta,9.051830,38.543574,12,True,False,11,10,2,1,Plumber,3,Holeta,11,Cleaner:1; Electrician:2; Mechanic:2; Plumber:3; Tutor:3,Holeta:11
880000101,Hanna Solomon,demo_provider_101,104,Age 47 - Kitchen Detail Cleaning,Cleaner,Debre Berhan,9.680682,39.546978,205,False,True,13,12,3,2,Plumber,4,Debre Berhan,13,Cleaner:3; Electrician:1; Mechanic:2; Plumber:4; Tutor:3,Debre Berhan:13
880000102,Hanna Gebre,demo_provider_102,105,Age 29 - Drain Cleaning Specialist,Plumber,Sebeta,8.930956,38.640464,367,True,True,30,29,7,6,Electrician,8,Sebeta,19,Cleaner:4; Electrician:8; Mechanic:5; Plumber:7; Tutor:6,Addis Ababa:11; Sebeta:19
880000103,Bethel Tadesse,demo_provider_103,106,Age 31 - Science Tutor,Tutor,Hawassa,7.030556,38.511151,166,False,True,3,2,2,1,Tutor,2,Hawassa,3,Cleaner:1; Tutor:2,Hawassa:3
880000104,Hiwot Wolde,demo_provider_104,107,Age 21 - Bathroom Fixture Installer,Plumber,Addis Ababa,9.090979,38.822712,88,False,False,40,39,11,10,Plumber,11,Addis Ababa,35,Cleaner:9; Electrician:4; Mechanic:7; Plumber:11; Tutor:9,Addis Ababa:35; Sululta:5
880000105,Dawit Haile,demo_provider_105,108,Age 35 - Bathroom Fixture Installer,Plumber,Holeta,9.083049,38.475663,366,False,True,12,11,3,2,Plumber,3,Holeta,12,Cleaner:1; Electrician:3; Mechanic:2; Plumber:3; Tutor:3,Holeta:12
880000106,Meron Desta,demo_provider_106,109,Age 36 - Office Cleaning Service,Cleaner,Bishoftu,8.660607,38.891780,123,True,True,8,7,2,1,Electrician,3,Bishoftu,8,Cleaner:2; Electrician:3; Mechanic:1; Plumber:2,Bishoftu:8
880000107,Lulit Wolde,demo_provider_107,110,Age 43 - Exam Prep Tutor,Tutor,Bishoftu,8.759713,38.955285,207,True,False,14,13,3,2,Electrician,5,Bishoftu,14,Cleaner:2; Electrician:5; Mechanic:1; Plumber:3; Tutor:3,Bishoftu:14
880000108,Yonatan Bekele,demo_provider_108,111,Age 58 - Water Tank Setup,Plumber,Addis Ababa,9.077494,38.670191,108,True,False,29,28,7,6,Mechanic,8,Addis Ababa,29,Cleaner:5; Electrician:4; Mechanic:8; Plumber:7; Tutor:5,Addis Ababa:29
880000109,Selam Haile,demo_provider_109,112,Age 56 - Solar Panel Installer,Electrician,Sululta,9.145850,38.791998,333,True,True,37,36,3,2,Plumber,10,Addis Ababa,23,Cleaner:6; Electrician:3; Mechanic:9; Plumber:10; Tutor:9,Addis Ababa:23; Sululta:14
880000110,Selam Mulugeta,demo_provider_110,113,Age 40 - Car Maintenance Mechanic,Mechanic,Jimma,7.689411,36.869403,74,False,False,3,2,2,1,Mechanic,2,Jimma,3,Mechanic:2; Tutor:1,Jimma:3
880000111,Mekdes Gebre,demo_provider_111,114,Age 29 - Engine Diagnostic Service,Mechanic,Addis Ababa,8.938712,38.785509,347,True,False,28,27,6,5,Electrician,6,Addis Ababa,26,Cleaner:5; Electrician:6; Mechanic:6; Plumber:5; Tutor:6,Addis Ababa:26; GPS location:2
880000112,Yonatan Negash,demo_provider_112,115,Age 37 - Home Wiring Specialist,Electrician,Holeta,9.025743,38.538594,329,False,False,11,10,2,1,Plumber,3,Holeta,11,Cleaner:1; Electrician:2; Mechanic:2; Plumber:3; Tutor:3,Holeta:11
880000113,Nahom Demissie,demo_provider_113,116,Age 31 - Water Tank Setup,Plumber,Addis Ababa,9.113250,38.804504,442,True,False,42,41,15,14,Plumber,15,Addis Ababa,34,Cleaner:7; Electrician:4; Mechanic:8; Plumber:15; Tutor:8,Addis Ababa:34; Sululta:8
880000114,Meron Abate,demo_provider_114,117,Age 27 - Pipe Repair Plumber,Plumber,Addis Ababa,9.077446,38.846562,183,False,True,30,29,8,7,Tutor,8,Addis Ababa,29,Cleaner:7; Electrician:4; Mechanic:3; Plumber:8; Tutor:8,Addis Ababa:29; Sululta:1
880000115,Yonatan Abate,demo_provider_115,118,Age 22 - Science Tutor,Tutor,Addis Ababa,9.050390,38.716106,163,True,False,53,52,10,9,Mechanic,13,Addis Ababa,53,Cleaner:9; Electrician:9; Mechanic:13; Plumber:12; Tutor:10,Addis Ababa:53
880000116,Natnael Abate,demo_provider_116,119,Age 23 - Brake Repair Mechanic,Mechanic,Sululta,9.213852,38.730537,420,False,True,14,13,4,3,Plumber,6,Sululta,14,Electrician:1; Mechanic:4; Plumber:6; Tutor:3,Sululta:14
880000117,Samuel Bekele,demo_provider_117,120,Age 43 - Car Maintenance Mechanic,Mechanic,Sebeta,8.877499,38.584558,251,False,False,16,15,3,2,Plumber,5,Sebeta,16,Cleaner:1; Electrician:4; Mechanic:3; Plumber:5; Tutor:3,Sebeta:16
880000118,Yonatan Bekele,demo_provider_118,121,Age 18 - Science Tutor,Tutor,Adama,8.549966,39.260179,264,False,True,15,14,2,1,Mechanic,5,Adama,15,Cleaner:3; Electrician:3; Mechanic:5; Plumber:2; Tutor:2,Adama:15
880000119,Natnael Girma,demo_provider_119,122,Age 58 - Office Cleaning Service,Cleaner,Bishoftu,8.716075,38.936889,124,False,True,12,11,2,1,Electrician,3,Bishoftu,12,Cleaner:2; Electrician:3; Mechanic:1; Plumber:3; Tutor:3,Bishoftu:12
880000120,Meron Fikre,demo_provider_120,123,Age 57 - Exam Prep Tutor,Tutor,Debre Berhan,9.722684,39.520735,269,False,False,13,12,3,2,Plumber,4,Debre Berhan,13,Cleaner:3; Electrician:1; Mechanic:2; Plumber:4; Tutor:3,Debre Berhan:13
880000121,Biruk Mengistu,demo_provider_121,124,Age 31 - Water Tank Setup,Plumber,Addis Ababa,9.025677,38.789382,195,True,True,54,53,13,12,Plumber,13,Addis Ababa,52,Cleaner:9; Electrician:9; Mechanic:11; Plumber:13; Tutor:12,Addis Ababa:52; GPS location:2
880000122,Kaleb Abate,demo_provider_122,125,Age 21 - Water Tank Setup,Plumber,Debre Berhan,9.695613,39.568058,273,True,True,13,12,4,3,Plumber,4,Debre Berhan,13,Cleaner:3; Electrician:1; Mechanic:2; Plumber:4; Tutor:3,Debre Berhan:13
880000123,Tigist Wolde,demo_provider_123,126,Age 57 - Mobile Car Mechanic,Mechanic,Addis Ababa,9.122114,38.787912,479,True,True,43,42,11,10,Plumber,14,Addis Ababa,33,Cleaner:6; Electrician:4; Mechanic:11; Plumber:14; Tutor:8,Addis Ababa:33; Sululta:10
880000124,Kaleb Getachew,demo_provider_124,127,Age 42 - Engine Diagnostic Service,Mechanic,Addis Ababa,9.103445,38.706314,57,True,False,42,41,13,12,Mechanic,13,Addis Ababa,37,Cleaner:7; Electrician:6; Mechanic:13; Plumber:11; Tutor:5,Addis Ababa:37; Sululta:5
880000125,Natnael Abate,demo_provider_125,128,Age 49 - Carpet Cleaning,Cleaner,Addis Ababa,9.073634,38.810299,410,True,False,49,48,11,10,Plumber,13,Addis Ababa,43,Cleaner:11; Electrician:8; Mechanic:8; Plumber:13; Tutor:9,Addis Ababa:43; GPS location:2; Sululta:4
880000126,Yonatan Kebede,demo_provider_126,129,Age 53 - Breaker Repair Expert,Electrician,Addis Ababa,9.039181,38.708357,436,True,True,54,53,9,8,Mechanic,14,Addis Ababa,54,Cleaner:9; Electrician:9; Mechanic:14; Plumber:12; Tutor:10,Addis Ababa:54
880000127,Marta Tadesse,demo_provider_127,130,Age 41 - Home Wiring Specialist,Electrician,Adama,8.511512,39.193267,498,False,True,7,6,4,3,Electrician,4,Adama,7,Electrician:4; Plumber:1; Tutor:2,Adama:7
880000128,Samuel Mulugeta,demo_provider_128,131,Age 30 - Emergency Leak Repair,Plumber,Holeta,9.024645,38.487543,486,True,False,12,11,3,2,Plumber,3,Holeta,12,Cleaner:1; Electrician:3; Mechanic:2; Plumber:3; Tutor:3,Holeta:12
880000129,Kaleb Desta,demo_provider_129,132,Age 53 - Coding Lesson Mentor,Tutor,Addis Ababa,9.081864,38.837422,96,True,False,33,32,8,7,Plumber,10,Addis Ababa,31,Cleaner:8; Electrician:4; Mechanic:3; Plumber:10; Tutor:8,Addis Ababa:31; Sululta:2
880000130,Kaleb Demissie,demo_provider_130,133,Age 37 - Motorcycle Repair,Mechanic,Bishoftu,8.674419,39.035582,311,False,False,7,6,3,2,Mechanic,3,Bishoftu,7,Mechanic:3; Plumber:2; Tutor:2,Bishoftu:7
880000131,Selam Teshome,demo_provider_131,134,Age 34 - Motorcycle Repair,Mechanic,Debre Berhan,9.695459,39.492354,326,False,False,13,12,2,1,Plumber,4,Debre Berhan,13,Cleaner:3; Electrician:1; Mechanic:2; Plumber:4; Tutor:3,Debre Berhan:13
880000132,Liya Abate,demo_provider_132,135,Age 29 - Drain Cleaning Specialist,Plumber,Addis Ababa,9.100507,38.729808,341,False,False,51,50,13,12,Mechanic,15,Addis Ababa,43,Cleaner:8; Electrician:7; Mechanic:15; Plumber:13; Tutor:8,Addis Ababa:43; Sululta:8
880000133,Yared Demissie,demo_provider_133,136,Age 46 - Exam Prep Tutor,Tutor,Addis Ababa,9.057036,38.796707,47,False,False,59,58,11,10,Plumber,15,Addis Ababa,55,Cleaner:12; Electrician:11; Mechanic:10; Plumber:15; Tutor:11,Addis Ababa:55; GPS location:2; Sululta:2
880000134,Marta Haile,demo_provider_134,137,Age 55 - Car Maintenance Mechanic,Mechanic,Addis Ababa,9.110927,38.716352,30,True,False,43,42,12,11,Mechanic,12,Addis Ababa,35,Cleaner:6; Electrician:6; Mechanic:12; Plumber:12; Tutor:7,Addis Ababa:35; Sululta:8
880000135,Bethel Wolde,demo_provider_135,138,Age 34 - Coding Lesson Mentor,Tutor,Holeta,9.056844,38.478172,84,True,False,12,11,3,2,Plumber,3,Holeta,12,Cleaner:1; Electrician:3; Mechanic:2; Plumber:3; Tutor:3,Holeta:12
880000136,Liya Girma,demo_provider_136,139,Age 23 - Home Wiring Specialist,Electrician,Addis Ababa,9.012205,38.750262,243,False,True,59,58,12,11,Plumber,14,Addis Ababa,57,Cleaner:11; Electrician:12; Mechanic:11; Plumber:14; Tutor:11,Addis Ababa:57; GPS location:2
880000137,Hiwot Tadesse,demo_provider_137,140,Age 53 - Bathroom Fixture Installer,Plumber,Holeta,9.026230,38.519755,77,True,False,11,10,3,2,Plumber,3,Holeta,11,Cleaner:1; Electrician:2; Mechanic:2; Plumber:3; Tutor:3,Holeta:11
880000138,Dawit Mengistu,demo_provider_138,141,Age 58 - Engine Diagnostic Service,Mechanic,Bishoftu,8.686158,38.972953,275,True,False,13,12,2,1,Electrician,3,Bishoftu,13,Cleaner:2; Electrician:3; Mechanic:2; Plumber:3; Tutor:3,Bishoftu:13
880000139,Kaleb Kebede,demo_provider_139,142,Age 21 - Carpet Cleaning,Cleaner,Addis Ababa,8.998511,38.750609,247,False,True,57,56,9,8,Plumber,15,Addis Ababa,55,Cleaner:9; Electrician:12; Mechanic:10; Plumber:15; Tutor:11,Addis Ababa:55; GPS location:2
880000140,Abebe Girma,demo_provider_140,143,Age 57 - Lighting Installation Pro,Electrician,Holeta,9.101565,38.455691,68,True,False,9,8,1,0,Tutor,3,Holeta,9,Cleaner:1; Electrician:1; Mechanic:2; Plumber:2; Tutor:3,Holeta:9
880000141,Dawit Girma,demo_provider_141,144,Age 58 - English Language Coach,Tutor,Addis Ababa,8.990848,38.850391,186,False,False,26,25,7,6,Plumber,8,Addis Ababa,24,Cleaner:4; Electrician:4; Mechanic:3; Plumber:8; Tutor:7,Addis Ababa:24; GPS location:2
880000142,Hanna Negash,demo_provider_142,145,Age 52 - Coding Lesson Mentor,Tutor,Addis Ababa,9.106703,38.773972,334,True,False,53,52,11,10,Plumber,18,Addis Ababa,43,Cleaner:7; Electrician:6; Mechanic:11; Plumber:18; Tutor:11,Addis Ababa:43; Sululta:10
880000143,Samuel Mengistu,demo_provider_143,146,Age 30 - Home Deep Cleaning,Cleaner,Addis Ababa,9.049551,38.851848,272,True,False,30,29,7,6,Plumber,9,Addis Ababa,28,Cleaner:7; Electrician:5; Mechanic:2; Plumber:9; Tutor:7,Addis Ababa:28; GPS location:2
880000144,Liya Abate,demo_provider_144,147,Age 29 - Coding Lesson Mentor,Tutor,Sululta,9.169619,38.772572,297,True,True,32,31,7,6,Mechanic,10,Addis Ababa,17,Cleaner:5; Electrician:2; Mechanic:10; Plumber:8; Tutor:7,Addis Ababa:17; Sululta:15
880000145,Abebe Bekele,demo_provider_145,148,Age 43 - Kitchen Detail Cleaning,Cleaner,Addis Ababa,9.009457,38.806807,227,False,False,41,40,7,6,Plumber,12,Addis Ababa,39,Cleaner:7; Electrician:7; Mechanic:6; Plumber:12; Tutor:9,Addis Ababa:39; GPS location:2
880000146,Brook Bekele,demo_provider_146,149,Age 40 - Lighting Installation Pro,Electrician,Sebeta,8.917918,38.620451,39,False,False,26,25,7,6,Electrician,7,Sebeta,19,Cleaner:3; Electrician:7; Mechanic:5; Plumber:7; Tutor:4,Addis Ababa:7; Sebeta:19
880000147,Eden Demissie,demo_provider_147,150,Age 55 - Engine Diagnostic Service,Mechanic,Addis Ababa,8.985623,38.837510,128,False,True,27,26,3,2,Tutor,7,Addis Ababa,25,Cleaner:5; Electrician:5; Mechanic:3; Plumber:7; Tutor:7,Addis Ababa:25; GPS location:2
880000148,Tsion Demissie,demo_provider_148,151,Age 18 - Math Tutor,Tutor,Sebeta,8.927359,38.634861,55,False,True,30,29,6,5,Electrician,8,Sebeta,19,Cleaner:4; Electrician:8; Mechanic:5; Plumber:7; Tutor:6,Addis Ababa:11; Sebeta:19
880000149,Biruk Girma,demo_provider_149,152,Age 57 - Home Wiring Specialist,Electrician,Sululta,9.212930,38.745383,133,True,False,15,14,2,1,Plumber,6,Sululta,15,Electrician:2; Mechanic:4; Plumber:6; Tutor:3,Sululta:15
880000150,Tsion Desta,demo_provider_150,153,Age 50 - Exam Prep Tutor,Tutor,Dire Dawa,9.568018,41.902701,107,True,False,1,0,1,0,Tutor,1,Dire Dawa,1,Tutor:1,Dire Dawa:1
880000151,Hiwot Demissie,demo_provider_151,154,Age 48 - Engine Diagnostic Service,Mechanic,Bishoftu,8.781101,39.056808,297,False,True,6,5,2,1,Mechanic,2,Bishoftu,6,Cleaner:1; Electrician:1; Mechanic:2; Plumber:1; Tutor:1,Bishoftu:6
880000152,Natnael Demissie,demo_provider_152,155,Age 49 - Bathroom Fixture Installer,Plumber,Addis Ababa,8.970211,38.807048,122,True,True,36,35,10,9,Plumber,10,Addis Ababa,34,Cleaner:6; Electrician:8; Mechanic:5; Plumber:10; Tutor:7,Addis Ababa:34; GPS location:2
880000153,Marta Alemu,demo_provider_153,156,Age 40 - Home Deep Cleaning,Cleaner,Bahir Dar,11.615926,37.422207,151,True,False,8,7,2,1,Electrician,4,Bahir Dar,8,Cleaner:2; Electrician:4; Plumber:2,Bahir Dar:8
880000154,Ruth Getachew,demo_provider_154,157,Age 56 - Solar Panel Installer,Electrician,Addis Ababa,9.052213,38.771716,272,True,False,63,62,12,11,Mechanic,14,Addis Ababa,61,Cleaner:11; Electrician:12; Mechanic:14; Plumber:14; Tutor:12,Addis Ababa:61; GPS location:2
880000155,Lulit Bekele,demo_provider_155,158,Age 18 - Motorcycle Repair,Mechanic,Addis Ababa,9.093583,38.763784,60,False,False,57,56,13,12,Plumber,16,Addis Ababa,50,Cleaner:9; Electrician:8; Mechanic:13; Plumber:16; Tutor:11,Addis Ababa:50; Sululta:7
880000156,Fitsum Negash,demo_provider_156,159,Age 52 - Math Tutor,Tutor,Addis Ababa,8.953759,38.800463,430,True,True,28,27,6,5,Plumber,7,Addis Ababa,26,Cleaner:5; Electrician:6; Mechanic:4; Plumber:7; Tutor:6,Addis Ababa:26; GPS location:2
880000157,Henok Teshome,demo_provider_157,160,Age 27 - Exam Prep Tutor,Tutor,Addis Ababa,9.103271,38.738355,445,False,False,52,51,9,8,Mechanic,15,Addis Ababa,44,Cleaner:7; Electrician:6; Mechanic:15; Plumber:15; Tutor:9,Addis Ababa:44; Sululta:8
880000158,Rahel Bekele,demo_provider_158,161,Age 52 - Motorcycle Repair,Mechanic,Addis Ababa,9.069111,38.719373,301,False,True,50,49,13,12,Mechanic,13,Addis Ababa,50,Cleaner:10; Electrician:8; Mechanic:13; Plumber:10; Tutor:9,Addis Ababa:50
880000159,Nahom Mengistu,demo_provider_159,162,Age 32 - Pipe Repair Plumber,Plumber,Sululta,9.171624,38.725878,205,False,False,31,30,8,7,Mechanic,11,Addis Ababa,16,Cleaner:4; Electrician:2; Mechanic:11; Plumber:8; Tutor:6,Addis Ababa:16; Sululta:15
880000160,Dawit Negash,demo_provider_160,163,Age 37 - Bathroom Fixture Installer,Plumber,Addis Ababa,9.050042,38.767102,73,True,False,64,63,15,14,Mechanic,15,Addis Ababa,62,Cleaner:11; Electrician:11; Mechanic:15; Plumber:15; Tutor:12,Addis Ababa:62; GPS location:2
880000161,Kaleb Gebre,demo_provider_161,164,Age 58 - Car Maintenance Mechanic,Mechanic,Adama,8.525993,39.306524,346,False,False,13,12,5,4,Mechanic,5,Adama,13,Cleaner:3; Electrician:2; Mechanic:5; Plumber:1; Tutor:2,Adama:13
880000162,Fitsum Tesfaye,demo_provider_162,165,Age 32 - Engine Diagnostic Service,Mechanic,Sululta,9.178536,38.729535,467,True,False,29,28,10,9,Mechanic,10,Sululta,15,Cleaner:3; Electrician:2; Mechanic:10; Plumber:8; Tutor:6,Addis Ababa:14; Sululta:15
880000163,Brook Abate,demo_provider_163,166,Age 34 - Water Tank Setup,Plumber,Bishoftu,8.671777,38.977063,229,True,True,11,10,3,2,Electrician,3,Bishoftu,11,Cleaner:2; Electrician:3; Mechanic:2; Plumber:3; Tutor:1,Bishoftu:11
880000164,Mekdes Mulugeta,demo_provider_164,167,Age 23 - English Language Coach,Tutor,Adama,8.565492,39.264605,226,False,False,13,12,2,1,Mechanic,5,Adama,13,Cleaner:3; Electrician:3; Mechanic:5; Tutor:2,Adama:13
880000165,Selam Desta,demo_provider_165,168,Age 26 - Science Tutor,Tutor,Sululta,9.211934,38.742325,341,True,True,15,14,3,2,Plumber,6,Sululta,15,Electrician:2; Mechanic:4; Plumber:6; Tutor:3,Sululta:15
880000166,Marta Desta,demo_provider_166,169,Age 44 - Brake Repair Mechanic,Mechanic,Addis Ababa,9.016021,38.726550,109,True,True,59,58,12,11,Plumber,13,Addis Ababa,57,Cleaner:11; Electrician:12; Mechanic:12; Plumber:13; Tutor:11,Addis Ababa:57; GPS location:2
880000167,Brook Desta,demo_provider_167,170,Age 24 - Move-In Cleaning,Cleaner,Addis Ababa,9.068652,38.673327,456,False,True,30,29,5,4,Mechanic,8,Addis Ababa,30,Cleaner:5; Electrician:4; Mechanic:8; Plumber:7; Tutor:6,Addis Ababa:30
880000168,Lulit Tadesse,demo_provider_168,171,Age 26 - Breaker Repair Expert,Electrician,Addis Ababa,8.989032,38.778944,416,False,False,49,48,11,10,Electrician,11,Addis Ababa,47,Cleaner:7; Electrician:11; Mechanic:9; Plumber:11; Tutor:11,Addis Ababa:47; GPS location:2
880000169,Abel Tadesse,demo_provider_169,172,Age 41 - Car Maintenance Mechanic,Mechanic,Addis Ababa,9.021281,38.706894,9,False,False,57,56,12,11,Electrician,14,Addis Ababa,53,Cleaner:10; Electrician:14; Mechanic:12; Plumber:13; Tutor:8,Addis Ababa:53; GPS location:2; Sebeta:2
880000170,Tsion Desta,demo_provider_170,173,Age 25 - Kitchen Detail Cleaning,Cleaner,Hawassa,7.021539,38.473561,88,False,False,3,2,1,0,Tutor,2,Hawassa,3,Cleaner:1; Tutor:2,Hawassa:3
880000171,Samuel Demissie,demo_provider_171,174,Age 30 - Breaker Repair Expert,Electrician,Bahir Dar,11.561901,37.368595,224,False,False,8,7,4,3,Electrician,4,Bahir Dar,8,Cleaner:2; Electrician:4; Plumber:2,Bahir Dar:8
880000172,Henok Getachew,demo_provider_172,175,Age 46 - Solar Panel Installer,Electrician,Bishoftu,8.789493,39.011009,293,False,False,8,7,1,0,Tutor,3,Bishoftu,8,Cleaner:1; Electrician:1; Mechanic:1; Plumber:2; Tutor:3,Bishoftu:8
880000173,Biruk Demissie,demo_provider_173,176,Age 48 - Move-In Cleaning,Cleaner,Addis Ababa,9.008877,38.773381,213,True,False,57,56,11,10,Tutor,12,Addis Ababa,55,Cleaner:11; Electrician:11; Mechanic:11; Plumber:12; Tutor:12,Addis Ababa:55; GPS location:2
880000174,Yonatan Gebre,demo_provider_174,177,Age 44 - Solar Panel Installer,Electrician,Addis Ababa,9.097761,38.846807,383,True,False,28,27,4,3,Plumber,8,Addis Ababa,24,Cleaner:6; Electrician:4; Mechanic:4; Plumber:8; Tutor:6,Addis Ababa:24; Sululta:4
880000175,Ruth Gebre,demo_provider_175,178,Age 24 - Emergency Leak Repair,Plumber,Debre Berhan,9.667779,39.563162,475,False,True,13,12,4,3,Plumber,4,Debre Berhan,13,Cleaner:3; Electrician:1; Mechanic:2; Plumber:4; Tutor:3,Debre Berhan:13
880000176,Liya Mengistu,demo_provider_176,179,Age 20 - Brake Repair Mechanic,Mechanic,Adama,8.583684,39.277544,441,True,True,10,9,4,3,Mechanic,4,Adama,10,Cleaner:2; Electrician:2; Mechanic:4; Tutor:2,Adama:10
880000177,Ruth Demissie,demo_provider_177,180,Age 22 - Office Cleaning Service,Cleaner,Bahir Dar,11.619139,37.382917,42,True,False,8,7,2,1,Electrician,4,Bahir Dar,8,Cleaner:2; Electrician:4; Plumber:2,Bahir Dar:8
880000178,Selam Alemu,demo_provider_178,181,Age 40 - Water Tank Setup,Plumber,Sululta,9.189781,38.790073,35,False,False,22,21,7,6,Plumber,7,Sululta,15,Cleaner:3; Electrician:2; Mechanic:6; Plumber:7; Tutor:4,Addis Ababa:7; Sululta:15
880000179,Meron Alemu,demo_provider_179,182,Age 40 - Mobile Car Mechanic,Mechanic,Holeta,9.068126,38.463429,367,True,True,12,11,2,1,Plumber,3,Holeta,12,Cleaner:1; Electrician:3; Mechanic:2; Plumber:3; Tutor:3,Holeta:12
880000180,Henok Mulugeta,demo_provider_180,183,Age 29 - Water Tank Setup,Plumber,Addis Ababa,9.030161,38.804650,165,True,False,47,46,12,11,Plumber,12,Addis Ababa,45,Cleaner:9; Electrician:9; Mechanic:6; Plumber:12; Tutor:11,Addis Ababa:45; GPS location:2
880000181,Saba Negash,demo_provider_181,184,Age 28 - Emergency Leak Repair,Plumber,Addis Ababa,8.957805,38.681248,312,False,True,36,35,7,6,Electrician,10,Addis Ababa,25,Cleaner:6; Electrician:10; Mechanic:7; Plumber:7; Tutor:6,Addis Ababa:25; Sebeta:11
880000182,Chala Girma,demo_provider_182,185,Age 24 - Emergency Electrician,Electrician,Adama,8.553639,39.193196,390,True,False,8,7,3,2,Electrician,3,Adama,8,Electrician:3; Mechanic:2; Plumber:1; Tutor:2,Adama:8
880000183,Natnael Bekele,demo_provider_183,186,Age 28 - Coding Lesson Mentor,Tutor,Sebeta,8.914283,38.611745,371,False,False,23,22,4,3,Electrician,7,Sebeta,19,Cleaner:2; Electrician:7; Mechanic:4; Plumber:6; Tutor:4,Addis Ababa:4; Sebeta:19
880000184,Eden Gebre,demo_provider_184,187,Age 32 - Office Cleaning Service,Cleaner,Adama,8.526335,39.328982,221,True,True,12,11,3,2,Mechanic,5,Adama,12,Cleaner:3; Electrician:1; Mechanic:5; Plumber:1; Tutor:2,Adama:12
880000185,Chala Teshome,demo_provider_185,188,Age 26 - Pipe Repair Plumber,Plumber,Sululta,9.209099,38.748496,427,True,True,15,14,6,5,Plumber,6,Sululta,15,Electrician:2; Mechanic:4; Plumber:6; Tutor:3,Sululta:15
880000186,Kaleb Bekele,demo_provider_186,189,Age 41 - Move-In Cleaning,Cleaner,Addis Ababa,8.950955,38.720637,292,True,True,42,41,7,6,Electrician,12,Addis Ababa,33,Cleaner:7; Electrician:12; Mechanic:8; Plumber:8; Tutor:7,Addis Ababa:33; GPS location:2; Sebeta:7
880000187,Abel Desta,demo_provider_187,190,Age 55 - Motorcycle Repair,Mechanic,Addis Ababa,8.971744,38.728547,161,True,True,50,49,8,7,Electrician,13,Addis Ababa,45,Cleaner:8; Electrician:13; Mechanic:8; Plumber:12; Tutor:9,Addis Ababa:45; GPS location:2; Sebeta:3
880000188,Samuel Fikre,demo_provider_188,191,Age 45 - Motorcycle Repair,Mechanic,Adama,8.616087,39.253244,255,False,False,6,5,2,1,Tutor,2,Adama,6,Cleaner:1; Electrician:1; Mechanic:2; Tutor:2,Adama:6
880000189,Saba Kebede,demo_provider_189,192,Age 45 - Lighting Installation Pro,Electrician,Adama,8.620535,39.358019,101,False,False,3,2,1,0,Electrician,1,Adama,3,Cleaner:1; Electrician:1; Mechanic:1,Adama:3
880000190,Rahel Alemu,demo_provider_190,193,Age 54 - Breaker Repair Expert,Electrician,Sebeta,8.929261,38.637795,462,True,False,30,29,8,7,Electrician,8,Sebeta,19,Cleaner:4; Electrician:8; Mechanic:5; Plumber:7; Tutor:6,Addis Ababa:11; Sebeta:19
880000191,Liya Fikre,demo_provider_191,194,Age 20 - Lighting Installation Pro,Electrician,Sebeta,8.872138,38.592570,311,False,True,17,16,5,4,Electrician,5,Sebeta,17,Cleaner:1; Electrician:5; Mechanic:3; Plumber:5; Tutor:3,Sebeta:17
880000192,Tigist Fikre,demo_provider_192,195,Age 23 - Carpet Cleaning,Cleaner,Adama,8.590339,39.299660,90,True,True,9,8,2,1,Mechanic,4,Adama,9,Cleaner:2; Electrician:1; Mechanic:4; Tutor:2,Adama:9
880000193,Fitsum Bekele,demo_provider_193,196,Age 51 - Kitchen Detail Cleaning,Cleaner,Addis Ababa,9.109467,38.782999,470,True,False,49,48,6,5,Plumber,18,Addis Ababa,39,Cleaner:6; Electrician:5; Mechanic:11; Plumber:18; Tutor:9,Addis Ababa:39; Sululta:10
880000194,Tigist Tadesse,demo_provider_194,197,Age 49 - Home Wiring Specialist,Electrician,Addis Ababa,8.939254,38.671099,16,False,False,33,32,8,7,Electrician,8,Addis Ababa,18,Cleaner:5; Electrician:8; Mechanic:7; Plumber:6; Tutor:7,Addis Ababa:18; Sebeta:15
880000195,Tigist Tesfaye,demo_provider_195,198,Age 43 - Car Maintenance Mechanic,Mechanic,Debre Berhan,9.685597,39.537429,118,False,False,13,12,2,1,Plumber,4,Debre Berhan,13,Cleaner:3; Electrician:1; Mechanic:2; Plumber:4; Tutor:3,Debre Berhan:13
880000196,Natnael Mulugeta,demo_provider_196,199,Age 34 - Home Deep Cleaning,Cleaner,Addis Ababa,9.025712,38.829159,331,False,True,35,34,6,5,Plumber,10,Addis Ababa,33,Cleaner:6; Electrician:8; Mechanic:3; Plumber:10; Tutor:8,Addis Ababa:33; GPS location:2
880000197,Samuel Alemu,demo_provider_197,200,Age 58 - Motorcycle Repair,Mechanic,Sululta,9.162087,38.768236,181,False,False,34,33,11,10,Mechanic,11,Addis Ababa,19,Cleaner:5; Electrician:2; Mechanic:11; Plumber:9; Tutor:7,Addis Ababa:19; Sululta:15
880000198,Natnael Negash,demo_provider_198,201,Age 38 - Emergency Leak Repair,Plumber,Addis Ababa,8.990084,38.663930,100,False,False,40,39,7,6,Electrician,11,Addis Ababa,32,Cleaner:7; Electrician:11; Mechanic:8; Plumber:7; Tutor:7,Addis Ababa:32; Sebeta:8
880000199,Tigist Desta,demo_provider_199,202,Age 50 - Brake Repair Mechanic,Mechanic,Bishoftu,8.695717,39.072275,363,True,False,6,5,3,2,Mechanic,3,Bishoftu,6,Mechanic:3; Plumber:1; Tutor:2,Bishoftu:6
880000200,Meron Fikre,demo_provider_200,203,Age 30 - English Language Coach,Tutor,Debre Berhan,9.695769,39.569425,26,False,False,13,12,3,2,Plumber,4,Debre Berhan,13,Cleaner:3; Electrician:1; Mechanic:2; Plumber:4; Tutor:3,Debre Berhan:13
